{"cameraMode":{"drawMode":0,"name":"Shaded","section":"Shading Mode"},"sceneLighting":false,"audioPlay":false,"sceneViewState":{"showFog":true,"showMaterialUpdate":false,"showSkybox":false,"showFlares":true,"showImageEffects":true,"showParticleSystems":true},"in2DMode":false,"pivot":{"x":0.07004225254058838,"y":0.0507655143737793,"z":0.030397415161132814},"rotation":{"x":-0.04828282445669174,"y":-0.018879858776926996,"z":0.0009130528778769076,"w":-0.998661994934082},"size":8.318603515625,"orthographic":false}