{"cameraMode":{"drawMode":0,"name":"Shaded","section":"Shading Mode"},"sceneLighting":false,"audioPlay":false,"sceneViewState":{"showFog":true,"showMaterialUpdate":false,"showSkybox":true,"showFlares":true,"showImageEffects":true,"showParticleSystems":true},"in2DMode":false,"pivot":{"x":-17.78996467590332,"y":39.788578033447269,"z":-74.84535217285156},"rotation":{"x":-0.08825158327817917,"y":-0.09934446215629578,"z":0.008847154676914215,"w":-0.9911001324653626},"size":55.92668914794922,"orthographic":false}