{"cameraMode":{"drawMode":0,"name":"Shaded","section":"Shading Mode"},"sceneLighting":false,"audioPlay":false,"sceneViewState":{"showFog":true,"showMaterialUpdate":false,"showSkybox":false,"showFlares":true,"showImageEffects":true,"showParticleSystems":true},"in2DMode":false,"pivot":{"x":0.0,"y":0.9000000953674316,"z":-1.1920928955078126e-7},"rotation":{"x":-0.08873090147972107,"y":-0.4694710671901703,"z":0.04748933017253876,"w":-0.877202033996582},"size":2.9700002670288088,"orthographic":false}